{
    "ColorChip":
    {
        "maxColors":16,
        "backgroundColor":0,
        "maskColor":"#FF00FF",
        "unique":false,
        "debug":false,
        
    },
    "DisplayChip":
    {
        "width":320,
        "height":200,
        "overscanX":1,
        "overscanY":1,
        "layers":6
        
    },
    "FontChip":
    {
    },
    "GameChip":
    {
        "lockSpecs":false,
        "maxSize":512,
        "saveSlots":8
    },
    "MusicChip":
    {
        "totalSongs":32,
        "notesPerTrack":127,
        "totalPatterns":24,
        "totalLoop":24
    },
    "SoundChip":
    {
        "totalChannels":5,
        "totalSounds":32,
        "channelTypes":[-1,-1,-1,-1,-1]
    },
    
    "SpriteChip":{
        "maxSpriteCount":0,
        "unique":false,
        "spriteWidth":8,
        "spriteHeight":8,
        "pages":8,
        "cps":8
    },
    "TilemapChip":
    {
        "columns":256,
        "rows":256,
        "totalFlags":16,
        "autoImport":false,
        
    }
}