{
    "SoundChip":
    {

        "sounds": [{
                "name":"Melody",
                "settings":"0,.5,,.2,,.2,.3,.1266,,,,,,,,,,,,,,,,,,1,,,,,,"
                },
                {
                "name":"Harmony",
                "settings":"0,.5,,.01,,.509,.3,.1266,,,,,,,,,,,,,.31,,,,,1,,,.1,,,"
                },
                {
                "name":"Bass",
                "settings":"4,1,,.01,,.509,.3,.1266,,,,,,,,,,,,,.31,,,,,1,,,.1,,,"
                },
                {
                "name":"Drums",
                "settings":"3,.1,,.01,,.209,.1,.1668,,,,,,,,,,,,,.31,,,,,.3,,,.1,,,-.1"
                }
        ]
}
}
